algorithm,input_size,time_sec,memory_kb
linear_search-present,100,6.469002983067185e-06,0.0703125
binary_search-present,100,2.219996531493962e-06,0.0234375
linear_search-absent,100,2.7049973141402006e-06,0.0703125
binary_search-absent,100,1.0779986041598022e-06,0.0234375
linear_search-present,1000,3.511400427669287e-05,0.1640625
binary_search-present,1000,5.269001121632755e-06,0.1796875
linear_search-absent,1000,8.05020026746206e-05,0.1328125
binary_search-absent,1000,1.6499980119988322e-06,0.0859375
linear_search-present,10000,0.0005742360008298419,0.1640625
binary_search-present,10000,4.639994585886598e-06,0.1796875
linear_search-absent,10000,0.0009985860015149228,0.1328125
binary_search-absent,10000,2.58199725067243e-06,0.1171875
linear_search-present,50000,0.0029272229949128814,0.1640625
binary_search-present,50000,5.651003448292613e-06,0.1796875
linear_search-absent,50000,0.005085838005470578,0.1328125
binary_search-absent,50000,5.875001079402864e-06,0.1171875
Single Loop,100,5.1480019465088844e-06,0.046875
Single Loop,1000,3.5869001294486225e-05,0.0234375
Single Loop,10000,0.0003626739999162,0.0234375
Single Loop,50000,0.0023372389987343,0.09375
Nested Loop,100,0.0002614999975776,0.0625
Nested Loop,1000,0.0341444869991391,0.0234375
Nested Loop,10000,3.642642272003286,0.0234375
Nested Loop,50000,301.9832233999987,0.09375
Factorial (Recursive),100,5.7026001741178334e-05,0.1953125
Factorial (Recursive),500,0.0009001060025184,8.16796875
Factorial (Recursive),900,0.0026234769975417,17.82421875
Factorial (Iterative),100,2.1518004359677437e-05,0.1953125
Factorial (Iterative),500,0.0001129299998865,1.05859375
Factorial (Iterative),1000,0.0002591399970697,2.296875
